Content,Summary
"When you visit the website over http, you are not redirected to https.",https is not used by default
"YOU AND NETFLIX AGREE THAT EACH MAY BRING CLAIMS AGAINST THE OTHER ONLY IN YOUR OR ITS INDIVIDUAL CAPACITY, AND NOT AS A PLAINTIFF OR CLASS MEMBER IN ANY PURPORTED CLASS OR REPRESENTATIVE PROCEEDING.",You wave your right to a class action.
"Google may also stop providing Services to you, or add or create new limits to our Services at any time.
        
Terms of Service",Google may stop providing services to you at any time
"We may update this Privacy Policy from time to time in our sole discretion.
If we make changes to this Privacy Policy, we will post the revised Privacy Policy on the Platform and update the “Last Amended” date below.
Please be sure to periodically check this page to ensure that you are aware of any changes to this Privacy Policy.
Any material changes to this Privacy Policy will be communicated to registered users by a notification to their account and/or by posting a notice of the change on the Website.
Your continued access to or use of the Platform after the effective date of such changes will be subject to the revised Privacy Policy.&lt;/p
        
Privacy Policy","The service may change its terms at any time, but the user will receive notification of the changes."
"Grammarly's Privacy Policy is easy to read. It is not very long, nor do they use overly-complicated, unnecessary legal jargon except when absolutely necessary.",The terms for this service are easy to read
At https://twitter.com/tos/previous you can see previous versions of Twitter's terms,Twitter provide archives of their terms
"When you create a GitHub account, you provide your user name and an email address.
        
Privacy Policy",You must provide your legal name
"<p>Indeed reserves the right to keep any materials in a closed account as necessary to preserve and protect its rights to the extent permitted by law (for example, to preserve records of a dispute) or to comply with its obligations under local law (for example, if requested to retain by law enforcement).
A closed account does not mean that all of the data is expunged from the Indeed systems, although it will not be readily available under the Job Seeker’s original account name.
        
Privacy Policy",This service holds onto content that you've deleted
"SoundCloud provides an index describing what each section is about. Thus, you can easily identify which sections you care about and jump directly to these sections.",The terms are easy to read
"https://www.rapidshare.com/#!rsag_ppolicy
> If we are legally obliged to turn over information about the origin of a file, we will fulfil that obligation. The legal circumstances will be evaluated individually in each case by our legal department. Without a founded legal basis, no information will be given to a requesting authority.",Rapidshare won't share information to a requesting authority without a legal basis
"<p>YOU AND 500PX AGREE THAT ANY PROCEEDINGS TO RESOLVE OR LITIGATE ANY DISPUTE ARISING HEREUNDER WILL BE CONDUCTED SOLELY ON AN INDIVIDUAL BASIS, AND THAT YOU WILL NOT SEEK TO HAVE ANY DISPUTE HEARD AS A CLASS ACTION, A REPRESENTATIVE ACTION, A COLLECTIVE ACTION, A PRIVATE ATTORNEY-GENERAL ACTION, OR IN ANY PROCEEDING IN WHICH YOU ACT OR PROPOSE TO ACT IN A REPRESENTATIVE CAPACITY.
YOU FURTHER AGREE THAT NO PROCEEDING WILL BE JOINED, CONSOLIDATED, OR COMBINED WITH ANOTHER PROCEEDING WITHOUT THE PRIOR WRITTEN CONSENT OF 500PX AND ALL PARTIES TO ANY SUCH PROCEEDING.</p>

Terms of Service",Waiver of legal actions
"The rights you grant in this license are for the limited purpose of operating, promoting, and improving our Services, and to develop new ones.
        
Terms of Service",Google can use your content for all their existing and future services
"If you post Member Content to our Services, you hereby grant us a perpetual (i.e.
lasting forever), worldwide, irrevocable, non-exclusive, royalty-free and fully sublicensable (i.e.
we can grant this right to others) license to use, reproduce, display, perform, adapt, modify, create derivative works from, distribute, have distributed and promote such Member Content in any form, in all media now known or hereinafter created (including in emails or other communications to our members) to administer, operate, develop and otherwise provide the Couchsurfing Services.
        
Terms of Use",Couchsurfing may retain your data after deactivation for legitimate business purposes
"Changes to This Privacy Policy   <p>We may revise this Privacy Policy from time to time.
The most current version of the policy will govern our processing of your personal data and will always be at https://twitter.com/privacy.
If we make a change to this policy that, in our sole discretion, is material, we will notify you via an @Twitter update or email to the email address associated with your account.
By continuing to access or use the Services after those changes become effective, you agree to be bound by the revised Privacy Policy.</p>

Privacy Policy","The service may change its terms at any time, but the user will receive notification of the changes."
"https://www.rapidshare.com/#!rsag_tou
> The files saved with RapidShare are treated confidentially. RapidShare does not provide any search function, with which RapidShare’s infrastructure can be searched. RapidShare does not scan or open the files of its users. The files are not catalogued nor listed in tables of contents by RapidShare. Only the owner of the account has the possibility to allow the access to his files.
https://www.rapidshare.com/#!rsag_ppolicy
> Nobody can access your files without knowledge of the complete download link. This does also apply to RapidShare employees. There is no software that will scan your files for certain patterns or the like.",Rapidshare does not index or open the files
"You can access, review, and make changes to your personal and/or billing information by emailing Cloudant's support attendants at support@cloudant.com.",You can request copies and changes to the personal information Cloudant stores
"We do not share your personal information with companies, organizations, or individuals outside of Google except in the following cases:</p>With your consent<p>We’ll share personal information outside of Google when we have your consent.
For example, if you use Google Home to request a ride from a ride-sharing service, we’ll get your permission before sharing your address with that service.
We’ll ask for your explicit consent to share any sensitive personal information.</p>

Privacy Policy",Google can share your personal information with other parties
Court of law is California.,Court of law is California
"We use a number of third party analytics and service providers to help us evaluate our users' use of GitHub.
compile statistical reports on activity.
and improve our content and website performance.
We only use these third party analytics providers on certain areas of our website, and all of them have signed data protection agreements with us that limit the type of personal information they can collect and the purpose for which they can process the information.
        
Privacy Policy",info given about security practices
Mint.com may transfer your data as part of a business transfer,Mint.com may transfer your data as part of a business transfer
(bad) Skype has third party cookies,(bad) Skype has third party cookies
"If you do post content or submit material, and unless we indicate otherwise, you grant Amazon a nonexclusive, royalty-free, perpetual, irrevocable, and fully sublicensable right to use, reproduce, modify, adapt, publish, perform, translate, create derivative works from, distribute, and display such content throughout the world in any media.
You grant Amazon and sublicensees the right to use the name that you submit in connection with such content, if they choose.
        
Conditions of Use",This service can license user content to third parties
[Info] WhatsApp may require cookies,[Info] WhatsApp may require cookies
"REPEAT INFRINGER POLICY <p>In accordance with the Digital Millennium Copyright Act (“DMCA”) and other applicable law, Couchsurfing has adopted a policy of terminating, in appropriate circumstances and in Couchsurfing’s sole discretion, members who are deemed to be repeat infringers.
Couchsurfing may also, in our sole discretion, limit access to the Services and/or terminate the accounts of any members who we believe may infringe any intellectual property rights of others, whether or not there is any repeat infringement.</p>

Terms of Use",Couchsurfing may close your account at their sole discretion
"by accessing or using our Services, you agree to adhere to the Community Guidelines
        
Terms of Use",You should follow the community guidelines
"We use cookies if you have a Facebook account, use the Facebook Products, including our website and apps, or visit other websites and apps that use the Facebook Products (including the Like button or other Facebook Technologies).
        
Cookie Policy",Facebook uses cookies
"To use WhatsApp, you must be at least 16 years old.</p>

Privacy Policy",This service is only available to users of a certain age
"You hereby agree to indemnify, defend and hold harmless SoundCloud, its successors, assigns, affiliates, agents, directors, officers, employees and shareholders from and against any and all claims, obligations, damages, losses, expenses, and costs, including reasonable attorneys' fees, resulting from:</p>
<p>(i) any violation by you of these Terms of Use or our Community Guidelines;</p>
<p>(ii) any third party claim of infringement of copyright or other intellectual property rights or invasion of privacy arising from the hosting of Your Content on the Platform, and/or your making available thereof to other users of the Platform, and/or the actual use of Your Content by other users of the Platform or Linked Services in accordance with these Terms of Use and the parameters set by you with respect to the distribution and sharing of Your Content;</p>
<p>(iii) any activity related to your account, be it by you or by any other person accessing your account with or without your consent unless such activity was caused by the act or default of SoundCloud.
        
Terms of Service",Indemnification from claims related to your content or your account
